uuid,gender,age,group,image1,image2,rating
134b75b3-6324-48bf-9105-cabbbc40fa88,Male,29,bonafide S1 vs S2,images/S1_BF/1_s1_bf.jpg,images/S2_BF/1_s2_bf.jpg,2
134b75b3-6324-48bf-9105-cabbbc40fa88,Male,29,bonafide S1 vs S2,images/S1_BF/2_s1_bf.jpg,images/S2_BF/2_s2_bf.jpg,3
134b75b3-6324-48bf-9105-cabbbc40fa88,Male,29,bonafide S1 vs S2,images/S1_BF/3_s1_bf.jpg,images/S2_BF/3_s2_bf.jpg,4
134b75b3-6324-48bf-9105-cabbbc40fa88,Male,29,bonafide S1 vs S2,images/S1_BF/4_s1_bf.jpg,images/S2_BF/4_s2_bf.jpg,4
134b75b3-6324-48bf-9105-cabbbc40fa88,Male,29,bonafide S1 vs S2,images/S1_BF/5_s1_bf.jpg,images/S2_BF/5_s2_bf.jpg,2
134b75b3-6324-48bf-9105-cabbbc40fa88,Male,29,bonafide S1 vs S2,images/S1_BF/6_s1_bf.jpg,images/S2_BF/6_s2_bf.jpg,4
134b75b3-6324-48bf-9105-cabbbc40fa88,Male,29,bonafide S1 vs S2,images/S1_BF/7_s1_bf.jpg,images/S2_BF/7_s2_bf.jpg,2
134b75b3-6324-48bf-9105-cabbbc40fa88,Male,29,bonafide S1 vs S2,images/S1_BF/8_s1_bf.jpg,images/S2_BF/8_s2_bf.jpg,5
134b75b3-6324-48bf-9105-cabbbc40fa88,Male,29,bonafide S1 vs S2,images/S1_BF/9_s1_bf.jpg,images/S2_BF/9_s2_bf.jpg,5
134b75b3-6324-48bf-9105-cabbbc40fa88,Male,29,bonafide S1 vs S2,images/S1_BF/10_s1_bf.jpg,images/S2_BF/10_s2_bf.jpg,5
134b75b3-6324-48bf-9105-cabbbc40fa88,Male,29,bonafide vs MorDiff,images/S1_BF/1_s1_bf.jpg,images/MorDiff/1_mordiff.jpg,5
134b75b3-6324-48bf-9105-cabbbc40fa88,Male,29,bonafide vs MorDiff,images/S1_BF/2_s1_bf.jpg,images/MorDiff/2_mordiff.jpg,5
134b75b3-6324-48bf-9105-cabbbc40fa88,Male,29,bonafide vs MorDiff,images/S1_BF/3_s1_bf.jpg,images/MorDiff/3_mordiff.jpg,5
134b75b3-6324-48bf-9105-cabbbc40fa88,Male,29,bonafide vs MorDiff,images/S1_BF/4_s1_bf.jpg,images/MorDiff/4_mordiff.jpg,5
134b75b3-6324-48bf-9105-cabbbc40fa88,Male,29,bonafide vs MorDiff,images/S1_BF/5_s1_bf.jpg,images/MorDiff/5_mordiff.jpg,5
134b75b3-6324-48bf-9105-cabbbc40fa88,Male,29,bonafide vs MorDiff,images/S1_BF/6_s1_bf.jpg,images/MorDiff/6_mordiff.jpg,5
134b75b3-6324-48bf-9105-cabbbc40fa88,Male,29,bonafide vs MorDiff,images/S1_BF/7_s1_bf.jpg,images/MorDiff/7_mordiff.jpg,5
134b75b3-6324-48bf-9105-cabbbc40fa88,Male,29,bonafide vs MorDiff,images/S1_BF/8_s1_bf.jpg,images/MorDiff/8_mordiff.jpg,5
134b75b3-6324-48bf-9105-cabbbc40fa88,Male,29,bonafide vs MorDiff,images/S1_BF/9_s1_bf.jpg,images/MorDiff/9_mordiff.jpg,5
134b75b3-6324-48bf-9105-cabbbc40fa88,Male,29,bonafide vs MorDiff,images/S1_BF/10_s1_bf.jpg,images/MorDiff/10_mordiff.jpg,5
134b75b3-6324-48bf-9105-cabbbc40fa88,Male,29,bonafide vs US,images/S1_BF/1_s1_bf.jpg,images/US/1_us.jpg,5
134b75b3-6324-48bf-9105-cabbbc40fa88,Male,29,bonafide vs US,images/S1_BF/2_s1_bf.jpg,images/US/2_us.jpg,5
134b75b3-6324-48bf-9105-cabbbc40fa88,Male,29,bonafide vs US,images/S1_BF/3_s1_bf.jpg,images/US/3_us.jpg,5
134b75b3-6324-48bf-9105-cabbbc40fa88,Male,29,bonafide vs US,images/S1_BF/4_s1_bf.jpg,images/US/4_us.jpg,5
134b75b3-6324-48bf-9105-cabbbc40fa88,Male,29,bonafide vs US,images/S1_BF/5_s1_bf.jpg,images/US/5_us.jpg,5
134b75b3-6324-48bf-9105-cabbbc40fa88,Male,29,bonafide vs US,images/S1_BF/6_s1_bf.jpg,images/US/6_us.jpg,5
134b75b3-6324-48bf-9105-cabbbc40fa88,Male,29,bonafide vs US,images/S1_BF/7_s1_bf.jpg,images/US/7_us.jpg,5
134b75b3-6324-48bf-9105-cabbbc40fa88,Male,29,bonafide vs US,images/S1_BF/8_s1_bf.jpg,images/US/8_us.jpg,5
134b75b3-6324-48bf-9105-cabbbc40fa88,Male,29,bonafide vs US,images/S1_BF/9_s1_bf.jpg,images/US/9_us.jpg,5
134b75b3-6324-48bf-9105-cabbbc40fa88,Male,29,bonafide vs US,images/S1_BF/10_s1_bf.jpg,images/US/10_us.jpg,5
134b75b3-6324-48bf-9105-cabbbc40fa88,Male,29,bonafide vs USFD,images/S1_BF/1_s1_bf.jpg,images/USFD/1_usfd.jpg,5
134b75b3-6324-48bf-9105-cabbbc40fa88,Male,29,bonafide vs USFD,images/S1_BF/2_s1_bf.jpg,images/USFD/2_usfd.jpg,5
134b75b3-6324-48bf-9105-cabbbc40fa88,Male,29,bonafide vs USFD,images/S1_BF/3_s1_bf.jpg,images/USFD/3_usfd.jpg,5
134b75b3-6324-48bf-9105-cabbbc40fa88,Male,29,bonafide vs USFD,images/S1_BF/4_s1_bf.jpg,images/USFD/4_usfd.jpg,5
134b75b3-6324-48bf-9105-cabbbc40fa88,Male,29,bonafide vs USFD,images/S1_BF/5_s1_bf.jpg,images/USFD/5_usfd.jpg,5
134b75b3-6324-48bf-9105-cabbbc40fa88,Male,29,bonafide vs USFD,images/S1_BF/6_s1_bf.jpg,images/USFD/6_usfd.jpg,5
134b75b3-6324-48bf-9105-cabbbc40fa88,Male,29,bonafide vs USFD,images/S1_BF/7_s1_bf.jpg,images/USFD/7_usfd.jpg,5
134b75b3-6324-48bf-9105-cabbbc40fa88,Male,29,bonafide vs USFD,images/S1_BF/8_s1_bf.jpg,images/USFD/8_usfd.jpg,5
134b75b3-6324-48bf-9105-cabbbc40fa88,Male,29,bonafide vs USFD,images/S1_BF/9_s1_bf.jpg,images/USFD/9_usfd.jpg,5
134b75b3-6324-48bf-9105-cabbbc40fa88,Male,29,bonafide vs USFD,images/S1_BF/10_s1_bf.jpg,images/USFD/10_usfd.jpg,5
134b75b3-6324-48bf-9105-cabbbc40fa88,Male,29,bonafide vs PuLID,images/S1_BF/1_s1_bf.jpg,images/PuLID/1_pulid.jpg,5
134b75b3-6324-48bf-9105-cabbbc40fa88,Male,29,bonafide vs PuLID,images/S1_BF/2_s1_bf.jpg,images/PuLID/2_pulid.jpg,5
134b75b3-6324-48bf-9105-cabbbc40fa88,Male,29,bonafide vs PuLID,images/S1_BF/3_s1_bf.jpg,images/PuLID/3_pulid.jpg,5
134b75b3-6324-48bf-9105-cabbbc40fa88,Male,29,bonafide vs PuLID,images/S1_BF/4_s1_bf.jpg,images/PuLID/4_pulid.jpg,5
134b75b3-6324-48bf-9105-cabbbc40fa88,Male,29,bonafide vs PuLID,images/S1_BF/5_s1_bf.jpg,images/PuLID/5_pulid.jpg,5
134b75b3-6324-48bf-9105-cabbbc40fa88,Male,29,bonafide vs PuLID,images/S1_BF/6_s1_bf.jpg,images/PuLID/6_pulid.jpg,5
134b75b3-6324-48bf-9105-cabbbc40fa88,Male,29,bonafide vs PuLID,images/S1_BF/7_s1_bf.jpg,images/PuLID/7_pulid.jpg,5
134b75b3-6324-48bf-9105-cabbbc40fa88,Male,29,bonafide vs PuLID,images/S1_BF/8_s1_bf.jpg,images/PuLID/8_pulid.jpg,5
134b75b3-6324-48bf-9105-cabbbc40fa88,Male,29,bonafide vs PuLID,images/S1_BF/9_s1_bf.jpg,images/PuLID/9_pulid.jpg,5
134b75b3-6324-48bf-9105-cabbbc40fa88,Male,29,bonafide vs PuLID,images/S1_BF/10_s1_bf.jpg,images/PuLID/10_pulid.jpg,5
134b75b3-6324-48bf-9105-cabbbc40fa88,Male,29,bonafide vs Ace,images/S1_BF/1_s1_bf.jpg,images/Ace/1_ace.jpg,5
134b75b3-6324-48bf-9105-cabbbc40fa88,Male,29,bonafide vs Ace,images/S1_BF/2_s1_bf.jpg,images/Ace/2_ace.jpg,5
134b75b3-6324-48bf-9105-cabbbc40fa88,Male,29,bonafide vs Ace,images/S1_BF/3_s1_bf.jpg,images/Ace/3_ace.jpg,5
134b75b3-6324-48bf-9105-cabbbc40fa88,Male,29,bonafide vs Ace,images/S1_BF/4_s1_bf.jpg,images/Ace/4_ace.jpg,5
134b75b3-6324-48bf-9105-cabbbc40fa88,Male,29,bonafide vs Ace,images/S1_BF/5_s1_bf.jpg,images/Ace/5_ace.jpg,5
134b75b3-6324-48bf-9105-cabbbc40fa88,Male,29,bonafide vs Ace,images/S1_BF/6_s1_bf.jpg,images/Ace/6_ace.jpg,5
134b75b3-6324-48bf-9105-cabbbc40fa88,Male,29,bonafide vs Ace,images/S1_BF/7_s1_bf.jpg,images/Ace/7_ace.jpg,5
134b75b3-6324-48bf-9105-cabbbc40fa88,Male,29,bonafide vs Ace,images/S1_BF/8_s1_bf.jpg,images/Ace/8_ace.jpg,5
134b75b3-6324-48bf-9105-cabbbc40fa88,Male,29,bonafide vs Ace,images/S1_BF/9_s1_bf.jpg,images/Ace/9_ace.jpg,5
134b75b3-6324-48bf-9105-cabbbc40fa88,Male,29,bonafide vs Ace,images/S1_BF/10_s1_bf.jpg,images/Ace/10_ace.jpg,5
134b75b3-6324-48bf-9105-cabbbc40fa88,Male,29,MorDiff vs US,images/MorDiff/1_mordiff.jpg,images/US/1_us.jpg,5
134b75b3-6324-48bf-9105-cabbbc40fa88,Male,29,MorDiff vs US,images/MorDiff/2_mordiff.jpg,images/US/2_us.jpg,5
134b75b3-6324-48bf-9105-cabbbc40fa88,Male,29,MorDiff vs US,images/MorDiff/3_mordiff.jpg,images/US/3_us.jpg,5
134b75b3-6324-48bf-9105-cabbbc40fa88,Male,29,MorDiff vs US,images/MorDiff/4_mordiff.jpg,images/US/4_us.jpg,5
134b75b3-6324-48bf-9105-cabbbc40fa88,Male,29,MorDiff vs US,images/MorDiff/5_mordiff.jpg,images/US/5_us.jpg,5
134b75b3-6324-48bf-9105-cabbbc40fa88,Male,29,MorDiff vs US,images/MorDiff/6_mordiff.jpg,images/US/6_us.jpg,5
134b75b3-6324-48bf-9105-cabbbc40fa88,Male,29,MorDiff vs US,images/MorDiff/7_mordiff.jpg,images/US/7_us.jpg,5
134b75b3-6324-48bf-9105-cabbbc40fa88,Male,29,MorDiff vs US,images/MorDiff/8_mordiff.jpg,images/US/8_us.jpg,5
134b75b3-6324-48bf-9105-cabbbc40fa88,Male,29,MorDiff vs US,images/MorDiff/9_mordiff.jpg,images/US/9_us.jpg,5
134b75b3-6324-48bf-9105-cabbbc40fa88,Male,29,MorDiff vs US,images/MorDiff/10_mordiff.jpg,images/US/10_us.jpg,5
134b75b3-6324-48bf-9105-cabbbc40fa88,Male,29,MorDiff vs USFD,images/MorDiff/1_mordiff.jpg,images/USFD/1_usfd.jpg,5
134b75b3-6324-48bf-9105-cabbbc40fa88,Male,29,MorDiff vs USFD,images/MorDiff/2_mordiff.jpg,images/USFD/2_usfd.jpg,5
134b75b3-6324-48bf-9105-cabbbc40fa88,Male,29,MorDiff vs USFD,images/MorDiff/3_mordiff.jpg,images/USFD/3_usfd.jpg,5
134b75b3-6324-48bf-9105-cabbbc40fa88,Male,29,MorDiff vs USFD,images/MorDiff/4_mordiff.jpg,images/USFD/4_usfd.jpg,5
134b75b3-6324-48bf-9105-cabbbc40fa88,Male,29,MorDiff vs USFD,images/MorDiff/5_mordiff.jpg,images/USFD/5_usfd.jpg,5
134b75b3-6324-48bf-9105-cabbbc40fa88,Male,29,MorDiff vs USFD,images/MorDiff/6_mordiff.jpg,images/USFD/6_usfd.jpg,5
134b75b3-6324-48bf-9105-cabbbc40fa88,Male,29,MorDiff vs USFD,images/MorDiff/7_mordiff.jpg,images/USFD/7_usfd.jpg,5
134b75b3-6324-48bf-9105-cabbbc40fa88,Male,29,MorDiff vs USFD,images/MorDiff/8_mordiff.jpg,images/USFD/8_usfd.jpg,5
134b75b3-6324-48bf-9105-cabbbc40fa88,Male,29,MorDiff vs USFD,images/MorDiff/9_mordiff.jpg,images/USFD/9_usfd.jpg,5
134b75b3-6324-48bf-9105-cabbbc40fa88,Male,29,MorDiff vs USFD,images/MorDiff/10_mordiff.jpg,images/USFD/10_usfd.jpg,5
134b75b3-6324-48bf-9105-cabbbc40fa88,Male,29,MorDiff vs PuLID,images/MorDiff/1_mordiff.jpg,images/PuLID/1_pulid.jpg,5
134b75b3-6324-48bf-9105-cabbbc40fa88,Male,29,MorDiff vs PuLID,images/MorDiff/2_mordiff.jpg,images/PuLID/2_pulid.jpg,5
134b75b3-6324-48bf-9105-cabbbc40fa88,Male,29,MorDiff vs PuLID,images/MorDiff/3_mordiff.jpg,images/PuLID/3_pulid.jpg,5
134b75b3-6324-48bf-9105-cabbbc40fa88,Male,29,MorDiff vs PuLID,images/MorDiff/4_mordiff.jpg,images/PuLID/4_pulid.jpg,5
134b75b3-6324-48bf-9105-cabbbc40fa88,Male,29,MorDiff vs PuLID,images/MorDiff/5_mordiff.jpg,images/PuLID/5_pulid.jpg,5
134b75b3-6324-48bf-9105-cabbbc40fa88,Male,29,MorDiff vs PuLID,images/MorDiff/6_mordiff.jpg,images/PuLID/6_pulid.jpg,5
134b75b3-6324-48bf-9105-cabbbc40fa88,Male,29,MorDiff vs PuLID,images/MorDiff/7_mordiff.jpg,images/PuLID/7_pulid.jpg,5
134b75b3-6324-48bf-9105-cabbbc40fa88,Male,29,MorDiff vs PuLID,images/MorDiff/8_mordiff.jpg,images/PuLID/8_pulid.jpg,5
134b75b3-6324-48bf-9105-cabbbc40fa88,Male,29,MorDiff vs PuLID,images/MorDiff/9_mordiff.jpg,images/PuLID/9_pulid.jpg,5
134b75b3-6324-48bf-9105-cabbbc40fa88,Male,29,MorDiff vs PuLID,images/MorDiff/10_mordiff.jpg,images/PuLID/10_pulid.jpg,5
134b75b3-6324-48bf-9105-cabbbc40fa88,Male,29,MorDiff vs Ace,images/MorDiff/1_mordiff.jpg,images/Ace/1_ace.jpg,5
134b75b3-6324-48bf-9105-cabbbc40fa88,Male,29,MorDiff vs Ace,images/MorDiff/2_mordiff.jpg,images/Ace/2_ace.jpg,5
134b75b3-6324-48bf-9105-cabbbc40fa88,Male,29,MorDiff vs Ace,images/MorDiff/3_mordiff.jpg,images/Ace/3_ace.jpg,5
134b75b3-6324-48bf-9105-cabbbc40fa88,Male,29,MorDiff vs Ace,images/MorDiff/4_mordiff.jpg,images/Ace/4_ace.jpg,5
134b75b3-6324-48bf-9105-cabbbc40fa88,Male,29,MorDiff vs Ace,images/MorDiff/5_mordiff.jpg,images/Ace/5_ace.jpg,5
134b75b3-6324-48bf-9105-cabbbc40fa88,Male,29,MorDiff vs Ace,images/MorDiff/6_mordiff.jpg,images/Ace/6_ace.jpg,5
134b75b3-6324-48bf-9105-cabbbc40fa88,Male,29,MorDiff vs Ace,images/MorDiff/7_mordiff.jpg,images/Ace/7_ace.jpg,5
134b75b3-6324-48bf-9105-cabbbc40fa88,Male,29,MorDiff vs Ace,images/MorDiff/8_mordiff.jpg,images/Ace/8_ace.jpg,5
134b75b3-6324-48bf-9105-cabbbc40fa88,Male,29,MorDiff vs Ace,images/MorDiff/9_mordiff.jpg,images/Ace/9_ace.jpg,5
134b75b3-6324-48bf-9105-cabbbc40fa88,Male,29,MorDiff vs Ace,images/MorDiff/10_mordiff.jpg,images/Ace/10_ace.jpg,5
